ResponseId,ResponseId_id
R_8nfw0HK0pfpzx2l,0046a5e5
R_8wBMFBdVHbEteFC,a2f7ce34
R_2KeTvuGTpDB9W8J,113b34f0
R_8fc8QprOFsOLGLv,d3de8ea9
R_2rpBSPQs0SCnMO0,26d0d233
R_8QF7R9R8i7H8gQ9,cc2a2a05
R_29cJif84NQYDu3n,98a96934
R_8fD9XiXmiS3cdfH,2c7b1ffe
R_2sCbvplveKyI3Dj,a1f58ce0
R_8JVXSNc5FKcPo5i,75bec41c
R_2OJmQmK87KFxysG,727de8da
R_2vHpUkV9iUUzNL3,9061ed18
R_2fxk40s9dZoP6s1,91b22859
R_2U2NlHjqI5jqr9T,eb1d4031
R_8IQALsBfESjz2Ha,2d1eb579
R_8Pk7Dn30onsYc57,d5ab3ed0
R_8NyOn7iE76C1mr2,d73ee50d
R_2od5ixUSJ2xsB7r,318a6f0c
R_2dTpBdQtJ0RW4ZS,625f4354
R_23pbXrjI0ebccR0,79a47cdb
R_8tfoLbZn5b2VnsK,7825ec1c
R_29NSeIX1I0GnZxT,7ea5981e
R_2Xajk1h05oBuWhq,b8fd5449
R_8OCT8ETFs4iG138,4942ce7b
R_8COsV8DnQwyxB1D,794f3cc7
R_83fjLz49djkWM01,ff953159
R_81WFxWlmdZmtZLz,b4c1035b
